CRIM,INDUS,NOX,RM,AGE,DIS,LSTAT,CAT
0.00632,2.31,0.538,6.575,65.2,4.09,4.98,0
0.02731,7.07,0.469,6.421,78.9,4.9671,9.14,0
0.02729,7.07,0.469,7.185,61.1,4.9671,4.03,1
0.03237,2.18,0.458,6.998,45.8,6.0622,2.94,1
0.06905,2.18,0.458,7.147,54.2,6.0622,5.33,1
0.02985,2.18,0.458,6.43,58.7,6.0622,5.21,0
0.08829,7.87,0.524,6.012,66.6,5.5605,12.43,0
0.14455,7.87,0.524,6.172,96.1,5.9505,19.15,0
0.21124,7.87,0.524,5.631,100,6.0821,29.93,0
0.17004,7.87,0.524,6.004,85.9,6.5921,17.1,0
0.22489,7.87,0.524,6.377,94.3,6.3467,20.45,0
0.11747,7.87,0.524,6.009,82.9,6.2267,13.27,0
0.09378,7.87,0.524,5.889,39,5.4509,15.71,0
0.62976,8.14,0.538,5.949,61.8,4.7075,8.26,0
0.63796,8.14,0.538,6.096,84.5,4.4619,10.26,0
0.62739,8.14,0.538,5.834,56.5,4.4986,8.47,0
1.05393,8.14,0.538,5.935,29.3,4.4986,6.58,0
0.7842,8.14,0.538,5.99,81.7,4.2579,14.67,0
0.80271,8.14,0.538,5.456,36.6,3.7965,11.69,0
0.7258,8.14,0.538,5.727,69.5,3.7965,11.28,0
1.25179,8.14,0.538,5.57,98.1,3.7979,21.02,0
0.85204,8.14,0.538,5.965,89.2,4.0123,13.83,0
1.23247,8.14,0.538,6.142,91.7,3.9769,18.72,0
0.98843,8.14,0.538,5.813,100,4.0952,19.88,0
0.75026,8.14,0.538,5.924,94.1,4.3996,16.3,0
0.84054,8.14,0.538,5.599,85.7,4.4546,16.51,0
0.67191,8.14,0.538,5.813,90.3,4.682,14.81,0
0.95577,8.14,0.538,6.047,88.8,4.4534,17.28,0
0.77299,8.14,0.538,6.495,94.4,4.4547,12.8,0
1.00245,8.14,0.538,6.674,87.3,4.239,11.98,0
1.13081,8.14,0.538,5.713,94.1,4.233,22.6,0
1.35472,8.14,0.538,6.072,100,4.175,13.04,0
1.38799,8.14,0.538,5.95,82,3.99,27.71,0
1.15172,8.14,0.538,5.701,95,3.7872,18.35,0
1.61282,8.14,0.538,6.096,96.9,3.7598,20.34,0
0.06417,5.96,0.499,5.933,68.2,3.3603,9.68,0
0.09744,5.96,0.499,5.841,61.4,3.3779,11.41,0
0.08014,5.96,0.499,5.85,41.5,3.9342,8.77,0
0.17505,5.96,0.499,5.966,30.2,3.8473,10.13,0
0.02763,2.95,0.428,6.595,21.8,5.4011,4.32,1
0.03359,2.95,0.428,7.024,15.8,5.4011,1.98,1
0.12744,6.91,0.448,6.77,2.9,5.7209,4.84,0
0.1415,6.91,0.448,6.169,6.6,5.7209,5.81,0
0.15936,6.91,0.448,6.211,6.5,5.7209,7.44,0
0.12269,6.91,0.448,6.069,40,5.7209,9.55,0
0.17142,6.91,0.448,5.682,33.8,5.1004,10.21,0
0.18836,6.91,0.448,5.786,33.3,5.1004,14.15,0
0.22927,6.91,0.448,6.03,85.5,5.6894,18.8,0
0.25387,6.91,0.448,5.399,95.3,5.87,30.81,0
0.21977,6.91,0.448,5.602,62,6.0877,16.2,0
0.08873,5.64,0.439,5.963,45.7,6.8147,13.45,0
0.04337,5.64,0.439,6.115,63,6.8147,9.43,0
0.0536,5.64,0.439,6.511,21.1,6.8147,5.28,0
0.04981,5.64,0.439,5.998,21.4,6.8147,8.43,0
0.0136,4,0.41,5.888,47.6,7.3197,14.8,0
0.01311,1.22,0.403,7.249,21.9,8.6966,4.81,1
0.02055,0.74,0.41,6.383,35.7,9.1876,5.77,0
0.01432,1.32,0.411,6.816,40.5,8.3248,3.95,1
0.15445,5.13,0.453,6.145,29.2,7.8148,6.86,0
0.10328,5.13,0.453,5.927,47.2,6.932,9.22,0
0.14932,5.13,0.453,5.741,66.2,7.2254,13.15,0
0.17171,5.13,0.453,5.966,93.4,6.8185,14.44,0
0.11027,5.13,0.453,6.456,67.8,7.2255,6.73,0
0.1265,5.13,0.453,6.762,43.4,7.9809,9.5,0
0.01951,1.38,0.4161,7.104,59.5,9.2229,8.05,1
0.03584,3.37,0.398,6.29,17.8,6.6115,4.67,0
0.04379,3.37,0.398,5.787,31.1,6.6115,10.24,0
0.05789,6.07,0.409,5.878,21.4,6.498,8.1,0
0.13554,6.07,0.409,5.594,36.8,6.498,13.09,0
0.12816,6.07,0.409,5.885,33,6.498,8.79,0
0.08826,10.81,0.413,6.417,6.6,5.2873,6.72,0
0.15876,10.81,0.413,5.961,17.5,5.2873,9.88,0
0.09164,10.81,0.413,6.065,7.8,5.2873,5.52,0
0.19539,10.81,0.413,6.245,6.2,5.2873,7.54,0
0.07896,12.83,0.437,6.273,6,4.2515,6.78,0
0.09512,12.83,0.437,6.286,45,4.5026,8.94,0
0.10153,12.83,0.437,6.279,74.5,4.0522,11.97,0
0.08707,12.83,0.437,6.14,45.8,4.0905,10.27,0
0.05646,12.83,0.437,6.232,53.7,5.0141,12.34,0
0.08387,12.83,0.437,5.874,36.6,4.5026,9.1,0
0.04113,4.86,0.426,6.727,33.5,5.4007,5.29,0
0.04462,4.86,0.426,6.619,70.4,5.4007,7.22,0
0.03659,4.86,0.426,6.302,32.2,5.4007,6.72,0
0.03551,4.86,0.426,6.167,46.7,5.4007,7.51,0
0.05059,4.49,0.449,6.389,48,4.7794,9.62,0
0.05735,4.49,0.449,6.63,56.1,4.4377,6.53,0
0.05188,4.49,0.449,6.015,45.1,4.4272,12.86,0
0.07151,4.49,0.449,6.121,56.8,3.7476,8.44,0
0.0566,3.41,0.489,7.007,86.3,3.4217,5.5,0
0.05302,3.41,0.489,7.079,63.1,3.4145,5.7,0
0.04684,3.41,0.489,6.417,66.1,3.0923,8.81,0
0.03932,3.41,0.489,6.405,73.9,3.0921,8.2,0
0.04203,15.04,0.464,6.442,53.6,3.6659,8.16,0
0.02875,15.04,0.464,6.211,28.9,3.6659,6.21,0
0.04294,15.04,0.464,6.249,77.3,3.615,10.59,0
0.12204,2.89,0.445,6.625,57.8,3.4952,6.65,0
0.11504,2.89,0.445,6.163,69.6,3.4952,11.34,0
0.12083,2.89,0.445,8.069,76,3.4952,4.21,1
0.08187,2.89,0.445,7.82,36.9,3.4952,3.57,1
0.0686,2.89,0.445,7.416,62.5,3.4952,6.19,1
0.14866,8.56,0.52,6.727,79.9,2.7778,9.42,0
0.11432,8.56,0.52,6.781,71.3,2.8561,7.67,0
0.22876,8.56,0.52,6.405,85.4,2.7147,10.63,0
0.21161,8.56,0.52,6.137,87.4,2.7147,13.44,0
0.1396,8.56,0.52,6.167,90,2.421,12.33,0
0.13262,8.56,0.52,5.851,96.7,2.1069,16.47,0
0.1712,8.56,0.52,5.836,91.9,2.211,18.66,0
0.13117,8.56,0.52,6.127,85.2,2.1224,14.09,0
0.12802,8.56,0.52,6.474,97.1,2.4329,12.27,0
0.26363,8.56,0.52,6.229,91.2,2.5451,15.55,0
0.10793,8.56,0.52,6.195,54.4,2.7778,13,0
0.10084,10.01,0.547,6.715,81.6,2.6775,10.16,0
0.12329,10.01,0.547,5.913,92.9,2.3534,16.21,0
0.22212,10.01,0.547,6.092,95.4,2.548,17.09,0
0.14231,10.01,0.547,6.254,84.2,2.2565,10.45,0
0.17134,10.01,0.547,5.928,88.2,2.4631,15.76,0
0.13158,10.01,0.547,6.176,72.5,2.7301,12.04,0
0.15098,10.01,0.547,6.021,82.6,2.7474,10.3,0
0.13058,10.01,0.547,5.872,73.1,2.4775,15.37,0
0.14476,10.01,0.547,5.731,65.2,2.7592,13.61,0
0.06899,25.65,0.581,5.87,69.7,2.2577,14.37,0
0.07165,25.65,0.581,6.004,84.1,2.1974,14.27,0
0.09299,25.65,0.581,5.961,92.9,2.0869,17.93,0
0.15038,25.65,0.581,5.856,97,1.9444,25.41,0
0.09849,25.65,0.581,5.879,95.8,2.0063,17.58,0
0.16902,25.65,0.581,5.986,88.4,1.9929,14.81,0
0.38735,25.65,0.581,5.613,95.6,1.7572,27.26,0
0.25915,21.89,0.624,5.693,96,1.7883,17.19,0
0.32543,21.89,0.624,6.431,98.8,1.8125,15.39,0
0.88125,21.89,0.624,5.637,94.7,1.9799,18.34,0
0.34006,21.89,0.624,6.458,98.9,2.1185,12.6,0
1.19294,21.89,0.624,6.326,97.7,2.271,12.26,0
0.59005,21.89,0.624,6.372,97.9,2.3274,11.12,0
0.32982,21.89,0.624,5.822,95.4,2.4699,15.03,0
0.97617,21.89,0.624,5.757,98.4,2.346,17.31,0
0.55778,21.89,0.624,6.335,98.2,2.1107,16.96,0
0.32264,21.89,0.624,5.942,93.5,1.9669,16.9,0
0.35233,21.89,0.624,6.454,98.4,1.8498,14.59,0
0.2498,21.89,0.624,5.857,98.2,1.6686,21.32,0
0.54452,21.89,0.624,6.151,97.9,1.6687,18.46,0
0.2909,21.89,0.624,6.174,93.6,1.6119,24.16,0
1.62864,21.89,0.624,5.019,100,1.4394,34.41,0
3.32105,19.58,0.871,5.403,100,1.3216,26.82,0
4.0974,19.58,0.871,5.468,100,1.4118,26.42,0
2.77974,19.58,0.871,4.903,97.8,1.3459,29.29,0
2.37934,19.58,0.871,6.13,100,1.4191,27.8,0
2.15505,19.58,0.871,5.628,100,1.5166,16.65,0
2.36862,19.58,0.871,4.926,95.7,1.4608,29.53,0
2.33099,19.58,0.871,5.186,93.8,1.5296,28.32,0
2.73397,19.58,0.871,5.597,94.9,1.5257,21.45,0
1.6566,19.58,0.871,6.122,97.3,1.618,14.1,0
1.49632,19.58,0.871,5.404,100,1.5916,13.28,0
1.12658,19.58,0.871,5.012,88,1.6102,12.12,0
2.14918,19.58,0.871,5.709,98.5,1.6232,15.79,0
1.41385,19.58,0.871,6.129,96,1.7494,15.12,0
3.53501,19.58,0.871,6.152,82.6,1.7455,15.02,0
2.44668,19.58,0.871,5.272,94,1.7364,16.14,0
1.22358,19.58,0.605,6.943,97.4,1.8773,4.59,1
1.34284,19.58,0.605,6.066,100,1.7573,6.43,0
1.42502,19.58,0.871,6.51,100,1.7659,7.39,0
1.27346,19.58,0.605,6.25,92.6,1.7984,5.5,0
1.46336,19.58,0.605,7.489,90.8,1.9709,1.73,1
1.83377,19.58,0.605,7.802,98.2,2.0407,1.92,1
1.51902,19.58,0.605,8.375,93.9,2.162,3.32,1
2.24236,19.58,0.605,5.854,91.8,2.422,11.64,0
2.924,19.58,0.605,6.101,93,2.2834,9.81,0
2.01019,19.58,0.605,7.929,96.2,2.0459,3.7,1
1.80028,19.58,0.605,5.877,79.2,2.4259,12.14,0
2.3004,19.58,0.605,6.319,96.1,2.1,11.1,0
2.44953,19.58,0.605,6.402,95.2,2.2625,11.32,0
1.20742,19.58,0.605,5.875,94.6,2.4259,14.43,0
2.3139,19.58,0.605,5.88,97.3,2.3887,12.03,0
0.13914,4.05,0.51,5.572,88.5,2.5961,14.69,0
0.09178,4.05,0.51,6.416,84.1,2.6463,9.04,0
0.08447,4.05,0.51,5.859,68.7,2.7019,9.64,0
0.06664,4.05,0.51,6.546,33.1,3.1323,5.33,0
0.07022,4.05,0.51,6.02,47.2,3.5549,10.11,0
0.05425,4.05,0.51,6.315,73.4,3.3175,6.29,0
0.06642,4.05,0.51,6.86,74.4,2.9153,6.92,0
0.0578,2.46,0.488,6.98,58.4,2.829,5.04,1
0.06588,2.46,0.488,7.765,83.3,2.741,7.56,1
0.06888,2.46,0.488,6.144,62.2,2.5979,9.45,1
0.09103,2.46,0.488,7.155,92.2,2.7006,4.82,1
0.10008,2.46,0.488,6.563,95.6,2.847,5.68,1
0.08308,2.46,0.488,5.604,89.8,2.9879,13.98,0
0.06047,2.46,0.488,6.153,68.8,3.2797,13.15,0
0.05602,2.46,0.488,7.831,53.6,3.1992,4.45,1
0.07875,3.44,0.437,6.782,41.1,3.7886,6.68,1
0.12579,3.44,0.437,6.556,29.1,4.5667,4.56,0
0.0837,3.44,0.437,7.185,38.9,4.5667,5.39,1
0.09068,3.44,0.437,6.951,21.5,6.4798,5.1,1
0.06911,3.44,0.437,6.739,30.8,6.4798,4.69,1
0.08664,3.44,0.437,7.178,26.3,6.4798,2.87,1
0.02187,2.93,0.401,6.8,9.9,6.2196,5.03,1
0.01439,2.93,0.401,6.604,18.8,6.2196,4.38,0
0.01381,0.46,0.422,7.875,32,5.6484,2.97,1
0.04011,1.52,0.404,7.287,34.1,7.309,4.08,1
0.04666,1.52,0.404,7.107,36.6,7.309,8.61,1
0.03768,1.52,0.404,7.274,38.3,7.309,6.62,1
0.0315,1.47,0.403,6.975,15.3,7.6534,4.56,1
0.01778,1.47,0.403,7.135,13.9,7.6534,4.45,1
0.03445,2.03,0.415,6.162,38.4,6.27,7.43,0
0.02177,2.03,0.415,7.61,15.7,6.27,3.11,1
0.0351,2.68,0.4161,7.853,33.2,5.118,3.81,1
0.02009,2.68,0.4161,8.034,31.9,5.118,2.88,1
0.13642,10.59,0.489,5.891,22.3,3.9454,10.87,0
0.22969,10.59,0.489,6.326,52.5,4.3549,10.97,0
0.25199,10.59,0.489,5.783,72.7,4.3549,18.06,0
0.13587,10.59,0.489,6.064,59.1,4.2392,14.66,0
0.43571,10.59,0.489,5.344,100,3.875,23.09,0
0.17446,10.59,0.489,5.96,92.1,3.8771,17.27,0
0.37578,10.59,0.489,5.404,88.6,3.665,23.98,0
0.21719,10.59,0.489,5.807,53.8,3.6526,16.03,0
0.14052,10.59,0.489,6.375,32.3,3.9454,9.38,0
0.28955,10.59,0.489,5.412,9.8,3.5875,29.55,0
0.19802,10.59,0.489,6.182,42.4,3.9454,9.47,0
0.0456,13.89,0.55,5.888,56,3.1121,13.51,0
0.07013,13.89,0.55,6.642,85.1,3.4211,9.69,0
0.11069,13.89,0.55,5.951,93.8,2.8893,17.92,0
0.11425,13.89,0.55,6.373,92.4,3.3633,10.5,0
0.35809,6.2,0.507,6.951,88.5,2.8617,9.71,0
0.40771,6.2,0.507,6.164,91.3,3.048,21.46,0
0.62356,6.2,0.507,6.879,77.7,3.2721,9.93,0
0.6147,6.2,0.507,6.618,80.8,3.2721,7.6,1
0.31533,6.2,0.504,8.266,78.3,2.8944,4.14,1
0.52693,6.2,0.504,8.725,83,2.8944,4.63,1
0.38214,6.2,0.504,8.04,86.5,3.2157,3.13,1
0.41238,6.2,0.504,7.163,79.9,3.2157,6.36,1
0.29819,6.2,0.504,7.686,17,3.3751,3.92,1
0.44178,6.2,0.504,6.552,21.4,3.3751,3.76,1
0.537,6.2,0.504,5.981,68.1,3.6715,11.65,0
0.46296,6.2,0.504,7.412,76.9,3.6715,5.25,1
0.57529,6.2,0.507,8.337,73.3,3.8384,2.47,1
0.33147,6.2,0.507,8.247,70.4,3.6519,3.95,1
0.44791,6.2,0.507,6.726,66.5,3.6519,8.05,0
0.33045,6.2,0.507,6.086,61.5,3.6519,10.88,0
0.52058,6.2,0.507,6.631,76.5,4.148,9.54,0
0.51183,6.2,0.507,7.358,71.6,4.148,4.73,1
0.08244,4.93,0.428,6.481,18.5,6.1899,6.36,0
0.09252,4.93,0.428,6.606,42.2,6.1899,7.37,0
0.11329,4.93,0.428,6.897,54.3,6.3361,11.38,0
0.10612,4.93,0.428,6.095,65.1,6.3361,12.4,0
0.1029,4.93,0.428,6.358,52.9,7.0355,11.22,0
0.12757,4.93,0.428,6.393,7.8,7.0355,5.19,0
0.20608,5.86,0.431,5.593,76.5,7.9549,12.5,0
0.19133,5.86,0.431,5.605,70.2,7.9549,18.46,0
0.33983,5.86,0.431,6.108,34.9,8.0555,9.16,0
0.19657,5.86,0.431,6.226,79.2,8.0555,10.15,0
0.16439,5.86,0.431,6.433,49.1,7.8265,9.52,0
0.19073,5.86,0.431,6.718,17.5,7.8265,6.56,0
0.1403,5.86,0.431,6.487,13,7.3967,5.9,0
0.21409,5.86,0.431,6.438,8.9,7.3967,3.59,0
0.08221,5.86,0.431,6.957,6.8,8.9067,3.53,0
0.36894,5.86,0.431,8.259,8.4,8.9067,3.54,1
0.04819,3.64,0.392,6.108,32,9.2203,6.57,0
0.03548,3.64,0.392,5.876,19.1,9.2203,9.25,0
0.01538,3.75,0.394,7.454,34.2,6.3361,3.11,1
0.61154,3.97,0.647,8.704,86.9,1.801,5.12,1
0.66351,3.97,0.647,7.333,100,1.8946,7.79,1
0.65665,3.97,0.647,6.842,100,2.0107,6.9,1
0.54011,3.97,0.647,7.203,81.8,2.1121,9.59,1
0.53412,3.97,0.647,7.52,89.4,2.1398,7.26,1
0.52014,3.97,0.647,8.398,91.5,2.2885,5.91,1
0.82526,3.97,0.647,7.327,94.5,2.0788,11.25,1
0.55007,3.97,0.647,7.206,91.6,1.9301,8.1,1
0.76162,3.97,0.647,5.56,62.8,1.9865,10.45,0
0.7857,3.97,0.647,7.014,84.6,2.1329,14.79,1
0.57834,3.97,0.575,8.297,67,2.4216,7.44,1
0.5405,3.97,0.575,7.47,52.6,2.872,3.16,1
0.09065,6.96,0.464,5.92,61.5,3.9175,13.65,0
0.29916,6.96,0.464,5.856,42.1,4.429,13,0
0.16211,6.96,0.464,6.24,16.3,4.429,6.59,0
0.1146,6.96,0.464,6.538,58.7,3.9175,7.73,0
0.22188,6.96,0.464,7.691,51.8,4.3665,6.58,1
0.05644,6.41,0.447,6.758,32.9,4.0776,3.53,1
0.09604,6.41,0.447,6.854,42.8,4.2673,2.98,1
0.10469,6.41,0.447,7.267,49,4.7872,6.05,1
0.06127,6.41,0.447,6.826,27.6,4.8628,4.16,1
0.07978,6.41,0.447,6.482,32.1,4.1403,7.19,0
0.21038,3.33,0.4429,6.812,32.2,4.1007,4.85,1
0.03578,3.33,0.4429,7.82,64.5,4.6947,3.76,1
0.03705,3.33,0.4429,6.968,37.2,5.2447,4.59,1
0.06129,3.33,0.4429,7.645,49.7,5.2119,3.01,1
0.01501,1.21,0.401,7.923,24.8,5.885,3.16,1
0.00906,2.97,0.4,7.088,20.8,7.3073,7.85,1
0.01096,2.25,0.389,6.453,31.9,7.3073,8.23,0
0.01965,1.76,0.385,6.23,31.5,9.0892,12.93,0
0.03871,5.32,0.405,6.209,31.3,7.3172,7.14,0
0.0459,5.32,0.405,6.315,45.6,7.3172,7.6,0
0.04297,5.32,0.405,6.565,22.9,7.3172,9.51,0
0.03502,4.95,0.411,6.861,27.9,5.1167,3.33,0
0.07886,4.95,0.411,7.148,27.7,5.1167,3.56,1
0.03615,4.95,0.411,6.63,23.4,5.1167,4.7,0
0.08265,13.92,0.437,6.127,18.4,5.5027,8.58,0
0.08199,13.92,0.437,6.009,42.3,5.5027,10.4,0
0.12932,13.92,0.437,6.678,31.1,5.9604,6.27,0
0.05372,13.92,0.437,6.549,51,5.9604,7.39,0
0.14103,13.92,0.437,5.79,58,6.32,15.84,0
0.06466,2.24,0.4,6.345,20.1,7.8278,4.97,0
0.05561,2.24,0.4,7.041,10,7.8278,4.74,0
0.04417,2.24,0.4,6.871,47.4,7.8278,6.07,0
0.03537,6.09,0.433,6.59,40.4,5.4917,9.5,0
0.09266,6.09,0.433,6.495,18.4,5.4917,8.67,0
0.1,6.09,0.433,6.982,17.7,5.4917,4.86,1
0.05515,2.18,0.472,7.236,41.1,4.022,6.93,1
0.05479,2.18,0.472,6.616,58.1,3.37,8.93,0
0.07503,2.18,0.472,7.42,71.9,3.0992,6.47,1
0.04932,2.18,0.472,6.849,70.3,3.1827,7.53,0
0.49298,9.9,0.544,6.635,82.5,3.3175,4.54,0
0.3494,9.9,0.544,5.972,76.7,3.1025,9.97,0
2.63548,9.9,0.544,4.973,37.8,2.5194,12.64,0
0.79041,9.9,0.544,6.122,52.8,2.6403,5.98,0
0.26169,9.9,0.544,6.023,90.4,2.834,11.72,0
0.26938,9.9,0.544,6.266,82.8,3.2628,7.9,0
0.3692,9.9,0.544,6.567,87.3,3.6023,9.28,0
0.25356,9.9,0.544,5.705,77.7,3.945,11.5,0
0.31827,9.9,0.544,5.914,83.2,3.9986,18.33,0
0.24522,9.9,0.544,5.782,71.7,4.0317,15.94,0
0.40202,9.9,0.544,6.382,67.2,3.5325,10.36,0
0.47547,9.9,0.544,6.113,58.8,4.0019,12.73,0
0.1676,7.38,0.493,6.426,52.3,4.5404,7.2,0
0.18159,7.38,0.493,6.376,54.3,4.5404,6.87,0
0.35114,7.38,0.493,6.041,49.9,4.7211,7.7,0
0.28392,7.38,0.493,5.708,74.3,4.7211,11.74,0
0.34109,7.38,0.493,6.415,40.1,4.7211,6.12,0
0.19186,7.38,0.493,6.431,14.7,5.4159,5.08,0
0.30347,7.38,0.493,6.312,28.9,5.4159,6.15,0
0.24103,7.38,0.493,6.083,43.7,5.4159,12.79,0
0.06617,3.24,0.46,5.868,25.8,5.2146,9.97,0
0.06724,3.24,0.46,6.333,17.2,5.2146,7.34,0
0.04544,3.24,0.46,6.144,32.2,5.8736,9.09,0
0.05023,6.06,0.4379,5.706,28.4,6.6407,12.43,0
0.03466,6.06,0.4379,6.031,23.3,6.6407,7.83,0
0.05083,5.19,0.515,6.316,38.1,6.4584,5.68,0
0.03738,5.19,0.515,6.31,38.5,6.4584,6.75,0
0.03961,5.19,0.515,6.037,34.5,5.9853,8.01,0
0.03427,5.19,0.515,5.869,46.3,5.2311,9.8,0
0.03041,5.19,0.515,5.895,59.6,5.615,10.56,0
0.03306,5.19,0.515,6.059,37.3,4.8122,8.51,0
0.05497,5.19,0.515,5.985,45.4,4.8122,9.74,0
0.06151,5.19,0.515,5.968,58.5,4.8122,9.29,0
0.01301,1.52,0.442,7.241,49.3,7.0379,5.49,1
0.02498,1.89,0.518,6.54,59.7,6.2669,8.65,0
0.02543,3.78,0.484,6.696,56.4,5.7321,7.18,0
0.03049,3.78,0.484,6.874,28.1,6.4654,4.61,1
0.03113,4.39,0.442,6.014,48.5,8.0136,10.53,0
0.06162,4.39,0.442,5.898,52.3,8.0136,12.67,0
0.0187,4.15,0.429,6.516,27.7,8.5353,6.36,0
0.01501,2.01,0.435,6.635,29.7,8.344,5.99,0
0.02899,1.25,0.429,6.939,34.5,8.7921,5.89,0
0.06211,1.25,0.429,6.49,44.4,8.7921,5.98,0
0.0795,1.69,0.411,6.579,35.9,10.7103,5.49,0
0.07244,1.69,0.411,5.884,18.5,10.7103,7.79,0
0.01709,2.02,0.41,6.728,36.1,12.1265,4.5,1
0.04301,1.91,0.413,5.663,21.9,10.5857,8.05,0
0.10659,1.91,0.413,5.936,19.5,10.5857,5.57,0
8.98296,18.1,0.77,6.212,97.4,2.1222,17.6,0
3.8497,18.1,0.77,6.395,91,2.5052,13.27,0
5.20177,18.1,0.77,6.127,83.4,2.7227,11.48,0
4.26131,18.1,0.77,6.112,81.3,2.5091,12.67,0
4.54192,18.1,0.77,6.398,88,2.5182,7.79,0
3.83684,18.1,0.77,6.251,91.1,2.2955,14.19,0
3.67822,18.1,0.77,5.362,96.2,2.1036,10.19,0
4.22239,18.1,0.77,5.803,89,1.9047,14.64,0
3.47428,18.1,0.718,8.78,82.9,1.9047,5.29,0
4.55587,18.1,0.718,3.561,87.9,1.6132,7.12,0
3.69695,18.1,0.718,4.963,91.4,1.7523,14,0
13.5222,18.1,0.631,3.863,100,1.5106,13.33,0
4.89822,18.1,0.631,4.97,100,1.3325,3.26,1
5.66998,18.1,0.631,6.683,96.8,1.3567,3.73,1
6.53876,18.1,0.631,7.016,97.5,1.2024,2.96,1
9.2323,18.1,0.631,6.216,100,1.1691,9.53,1
8.26725,18.1,0.668,5.875,89.6,1.1296,8.88,1
11.1081,18.1,0.668,4.906,100,1.1742,34.77,0
18.4982,18.1,0.668,4.138,100,1.137,37.97,0
19.6091,18.1,0.671,7.313,97.9,1.3163,13.44,0
15.288,18.1,0.671,6.649,93.3,1.3449,23.24,0
9.82349,18.1,0.671,6.794,98.8,1.358,21.24,0
23.6482,18.1,0.671,6.38,96.2,1.3861,23.69,0
17.8667,18.1,0.671,6.223,100,1.3861,21.78,0
88.9762,18.1,0.671,6.968,91.9,1.4165,17.21,0
15.8744,18.1,0.671,6.545,99.1,1.5192,21.08,0
9.18702,18.1,0.7,5.536,100,1.5804,23.6,0
7.99248,18.1,0.7,5.52,100,1.5331,24.56,0
20.0849,18.1,0.7,4.368,91.2,1.4395,30.63,0
16.8118,18.1,0.7,5.277,98.1,1.4261,30.81,0
24.3938,18.1,0.7,4.652,100,1.4672,28.28,0
22.5971,18.1,0.7,5,89.5,1.5184,31.99,0
14.3337,18.1,0.7,4.88,100,1.5895,30.62,0
8.15174,18.1,0.7,5.39,98.9,1.7281,20.85,0
6.96215,18.1,0.7,5.713,97,1.9265,17.11,0
5.29305,18.1,0.7,6.051,82.5,2.1678,18.76,0
11.5779,18.1,0.7,5.036,97,1.77,25.68,0
8.64476,18.1,0.693,6.193,92.6,1.7912,15.17,0
13.3598,18.1,0.693,5.887,94.7,1.7821,16.35,0
8.71675,18.1,0.693,6.471,98.8,1.7257,17.12,0
5.87205,18.1,0.693,6.405,96,1.6768,19.37,0
7.67202,18.1,0.693,5.747,98.9,1.6334,19.92,0
38.3518,18.1,0.693,5.453,100,1.4896,30.59,0
9.91655,18.1,0.693,5.852,77.8,1.5004,29.97,0
25.0461,18.1,0.693,5.987,100,1.5888,26.77,0
14.2362,18.1,0.693,6.343,100,1.5741,20.32,0
9.59571,18.1,0.693,6.404,100,1.639,20.31,0
24.8017,18.1,0.693,5.349,96,1.7028,19.77,0
41.5292,18.1,0.693,5.531,85.4,1.6074,27.38,0
67.9208,18.1,0.693,5.683,100,1.4254,22.98,0
20.7162,18.1,0.659,4.138,100,1.1781,23.34,0
11.9511,18.1,0.659,5.608,100,1.2852,12.13,0
7.40389,18.1,0.597,5.617,97.9,1.4547,26.4,0
14.4383,18.1,0.597,6.852,100,1.4655,19.78,0
51.1358,18.1,0.597,5.757,100,1.413,10.11,0
14.0507,18.1,0.597,6.657,100,1.5275,21.22,0
18.811,18.1,0.597,4.628,100,1.5539,34.37,0
28.6558,18.1,0.597,5.155,100,1.5894,20.08,0
45.7461,18.1,0.693,4.519,100,1.6582,36.98,0
18.0846,18.1,0.679,6.434,100,1.8347,29.05,0
10.8342,18.1,0.679,6.782,90.8,1.8195,25.79,0
25.9406,18.1,0.679,5.304,89.1,1.6475,26.64,0
73.5341,18.1,0.679,5.957,100,1.8026,20.62,0
11.8123,18.1,0.718,6.824,76.5,1.794,22.74,0
11.0874,18.1,0.718,6.411,100,1.8589,15.02,0
7.02259,18.1,0.718,6.006,95.3,1.8746,15.7,0
12.0482,18.1,0.614,5.648,87.6,1.9512,14.1,0
7.05042,18.1,0.614,6.103,85.1,2.0218,23.29,0
8.79212,18.1,0.584,5.565,70.6,2.0635,17.16,0
15.8603,18.1,0.679,5.896,95.4,1.9096,24.39,0
12.2472,18.1,0.584,5.837,59.7,1.9976,15.69,0
37.6619,18.1,0.679,6.202,78.7,1.8629,14.52,0
7.36711,18.1,0.679,6.193,78.1,1.9356,21.52,0
9.33889,18.1,0.679,6.38,95.6,1.9682,24.08,0
8.49213,18.1,0.584,6.348,86.1,2.0527,17.64,0
10.0623,18.1,0.584,6.833,94.3,2.0882,19.69,0
6.44405,18.1,0.584,6.425,74.8,2.2004,12.03,0
5.58107,18.1,0.713,6.436,87.9,2.3158,16.22,0
13.9134,18.1,0.713,6.208,95,2.2222,15.17,0
11.1604,18.1,0.74,6.629,94.6,2.1247,23.27,0
14.4208,18.1,0.74,6.461,93.3,2.0026,18.05,0
15.1772,18.1,0.74,6.152,100,1.9142,26.45,0
13.6781,18.1,0.74,5.935,87.9,1.8206,34.02,0
9.39063,18.1,0.74,5.627,93.9,1.8172,22.88,0
22.0511,18.1,0.74,5.818,92.4,1.8662,22.11,0
9.72418,18.1,0.74,6.406,97.2,2.0651,19.52,0
5.66637,18.1,0.74,6.219,100,2.0048,16.59,0
9.96654,18.1,0.74,6.485,100,1.9784,18.85,0
12.8023,18.1,0.74,5.854,96.6,1.8956,23.79,0
10.6718,18.1,0.74,6.459,94.8,1.9879,23.98,0
6.28807,18.1,0.74,6.341,96.4,2.072,17.79,0
9.92485,18.1,0.74,6.251,96.6,2.198,16.44,0
9.32909,18.1,0.713,6.185,98.7,2.2616,18.13,0
7.52601,18.1,0.713,6.417,98.3,2.185,19.31,0
6.71772,18.1,0.713,6.749,92.6,2.3236,17.44,0
5.44114,18.1,0.713,6.655,98.2,2.3552,17.73,0
5.09017,18.1,0.713,6.297,91.8,2.3682,17.27,0
8.24809,18.1,0.713,7.393,99.3,2.4527,16.74,0
9.51363,18.1,0.713,6.728,94.1,2.4961,18.71,0
4.75237,18.1,0.713,6.525,86.5,2.4358,18.13,0
4.66883,18.1,0.713,5.976,87.9,2.5806,19.01,0
8.20058,18.1,0.713,5.936,80.3,2.7792,16.94,0
7.75223,18.1,0.713,6.301,83.7,2.7831,16.23,0
6.80117,18.1,0.713,6.081,84.4,2.7175,14.7,0
4.81213,18.1,0.713,6.701,90,2.5975,16.42,0
3.69311,18.1,0.713,6.376,88.4,2.5671,14.65,0
6.65492,18.1,0.713,6.317,83,2.7344,13.99,0
5.82115,18.1,0.713,6.513,89.9,2.8016,10.29,0
7.83932,18.1,0.655,6.209,65.4,2.9634,13.22,0
3.1636,18.1,0.655,5.759,48.2,3.0665,14.13,0
3.77498,18.1,0.655,5.952,84.7,2.8715,17.15,0
4.42228,18.1,0.584,6.003,94.5,2.5403,21.32,0
15.5757,18.1,0.58,5.926,71,2.9084,18.13,0
13.0751,18.1,0.58,5.713,56.7,2.8237,14.76,0
4.34879,18.1,0.58,6.167,84,3.0334,16.29,0
4.03841,18.1,0.532,6.229,90.7,3.0993,12.87,0
3.56868,18.1,0.58,6.437,75,2.8965,14.36,0
4.64689,18.1,0.614,6.98,67.6,2.5329,11.66,0
8.05579,18.1,0.584,5.427,95.4,2.4298,18.14,0
6.39312,18.1,0.584,6.162,97.4,2.206,24.1,0
4.87141,18.1,0.614,6.484,93.6,2.3053,18.68,0
15.0234,18.1,0.614,5.304,97.3,2.1007,24.91,0
10.233,18.1,0.614,6.185,96.7,2.1705,18.03,0
14.3337,18.1,0.614,6.229,88,1.9512,13.11,0
5.82401,18.1,0.532,6.242,64.7,3.4242,10.74,0
5.70818,18.1,0.532,6.75,74.9,3.3317,7.74,0
5.73116,18.1,0.532,7.061,77,3.4106,7.01,0
2.81838,18.1,0.532,5.762,40.3,4.0983,10.42,0
2.37857,18.1,0.583,5.871,41.9,3.724,13.34,0
3.67367,18.1,0.583,6.312,51.9,3.9917,10.58,0
5.69175,18.1,0.583,6.114,79.8,3.5459,14.98,0
4.83567,18.1,0.583,5.905,53.2,3.1523,11.45,0
0.15086,27.74,0.609,5.454,92.7,1.8209,18.06,0
0.18337,27.74,0.609,5.414,98.3,1.7554,23.97,0
0.20746,27.74,0.609,5.093,98,1.8226,29.68,0
0.10574,27.74,0.609,5.983,98.8,1.8681,18.07,0
0.11132,27.74,0.609,5.983,83.5,2.1099,13.35,0
0.17331,9.69,0.585,5.707,54,2.3817,12.01,0
0.27957,9.69,0.585,5.926,42.6,2.3817,13.59,0
0.17899,9.69,0.585,5.67,28.8,2.7986,17.6,0
0.2896,9.69,0.585,5.39,72.9,2.7986,21.14,0
0.26838,9.69,0.585,5.794,70.6,2.8927,14.1,0
0.23912,9.69,0.585,6.019,65.3,2.4091,12.92,0
0.17783,9.69,0.585,5.569,73.5,2.3999,15.1,0
0.22438,9.69,0.585,6.027,79.7,2.4982,14.33,0
0.06263,11.93,0.573,6.593,69.1,2.4786,9.67,0
0.04527,11.93,0.573,6.12,76.7,2.2875,9.08,0
0.06076,11.93,0.573,6.976,91,2.1675,5.64,0
0.10959,11.93,0.573,6.794,89.3,2.3889,6.48,0
0.04741,11.93,0.573,6.03,80.8,2.505,7.88,0
